Full Name,Age,Gender,Category,Email,Phone,State,District,Pin Code,Class 10 School,Class 10 %,Class 12 School,Class 12 %,Graduation College,Grad %,Grad_%,Degree,Year of Passing,Extra Courses,Specialisation,Languages Known,Skills,Experience (Yrs),Preferred Location,Projects,Competitions,Publications,Patents
Ananya Sharma,22,Female,General,ananya.sharma@mail.com,9876543210,Maharashtra,Pune,411001,St. Xavier High,88,ABC Junior College,91,Pune University,89,9.37,BSc Computer Sci,2024,"Python, Data Science",AI,"English, Hindi","Programming, ML",1.5,Pune,College Project on AI,Coding Marathon,None,None
Rohit Kumar,23,Male,OBC,rohit.kumar@mail.com,9123456780,Uttar Pradesh,Lucknow,226001,Lucknow Public School,82,Lucknow College,85,Lucknow University,85,8.95,BCom,2023,"Excel, Tally",Finance,"Hindi, English",Accounting,2,Lucknow,Finance management project,Business Quiz,None,None
Priya Singh,21,Female,SC,priya.singh@mail.com,9988776655,Bihar,Patna,800001,Patna High School,90,Patna Senior Sec,92,Patna University,89,9.37,BA English,2024,Creative Writing,Literature,"English, Hindi","Writing, Editing",0.8,Patna,Research paper on Literature,Essay competition,Published articles,None
Arjun Mehta,24,Male,ST,arjun.mehta@mail.com,9876512340,Rajasthan,Jaipur,302001,Jaipur High School,75,Jaipur Junior College,80,Rajasthan University,84,8.84,BTech,2022,AutoCAD,Mechanical Eng,"Hindi, English","CAD, Design",1,Jaipur,Mechanical design project,Tech Fest,None,Patent filed
Simran Kaur,22,Female,General,simran.kaur@mail.com,9654321789,Punjab,Ludhiana,141001,Ludhiana School,89,Ludhiana College,87,Punjab University,95,8.60,BSc Biology,2023,Biotechnology,Genetics,"English, Punjabi",Lab skills,0.5,Ludhiana,Biotechnology project,Science Quiz,Research papers,None
Vikram Patel,23,Male,OBC,vikram.patel@mail.com,9765432109,Gujarat,Ahmedabad,380001,Ahmedabad High,85,Ahmedabad Junior,88,Gujarat University,94,9.89,BCom,2023,Digital Marketing,Marketing,"English, Gujarati","SEO, Social Media",1.2,Ahmedabad,Marketing campaign project,Business case comp,None,None
Nisha Reddy,21,Female,General,nisha.reddy@mail.com,9845123678,Telangana,Hyderabad,500001,Hyderabad Public Sch,91,Hyderabad College,90,Osmania University,93,9.79,BTech,2024,"Java, Python",Computer Sci,"English, Telugu","Coding, Debugging",2.3,Hyderabad,Software development project,Hackathon,None,None
Ajay Singh,24,Male,SC,ajay.singh@mail.com,9754312680,Madhya Pradesh,Bhopal,462001,Bhopal High School,78,Bhopal Junior College,82,Bhopal University,87,9.16,BA History,2022,Archiving,History,"Hindi, English",Research,1.7,Bhopal,History documentation project,Quiz competition,None,None
Meera Joshi,22,Female,General,meera.joshi@mail.com,9865432109,Maharashtra,Mumbai,400001,Mumbai High School,90,Mumbai Junior Coll,91,Mumbai University,84,8.84,BCom,2023,"Finance, Excel",Commerce,"English, Marathi",Financial Analysis,2.5,Mumbai,Financial project,Business quiz,None,None
Rahul Verma,23,Male,OBC,rahul.verma@mail.com,9876549876,Delhi,New Delhi,110001,Delhi Public School,88,Delhi Junior Coll,89,Delhi University,82,8.63,BTech,2023,Cloud Computing,IT,"English, Hindi","Cloud, Networking",0.7,Delhi,Cloud infrastructure project,Tech fest,None,None
Sakshi Gupta,21,Female,SC,sakshi.gupta@mail.com,9876543211,Haryana,Gurgaon,122001,Gurgaon Public Sch,84,Gurgaon College,86,Haryana University,80,8.42,BA Sociology,2024,Social work,Sociology,"Hindi, English",Research,2,Gurgaon,Social work research,Debate competition,None,None
Deepak Nair,24,Male,General,deepak.nair@mail.com,9898989898,Kerala,Thiruvananthapuram,695001,Kerala High School,92,Kerala Junior Coll,90,Kerala University,98,8.50,BSc Physics,2022,Data Analysis,Physics,"English, Malayalam",Lab skills,1.1,Thiruvananthapuram,Physics research project,Science fair,Research papers,None
Aisha Khan,22,Female,OBC,aisha.khan@mail.com,9765123456,West Bengal,Kolkata,700001,Kolkata High School,87,Kolkata Junior Coll,89,Calcutta University,93,9.79,BCom,2023,Marketing,Commerce,"English, Bengali",Marketing,2.8,Kolkata,Marketing strategy project,Business quiz,None,None
Mohit Sharma,23,Male,General,mohit.sharma@mail.com,9823456789,Rajasthan,Jodhpur,342001,Jodhpur Public Sch,85,Jodhpur College,87,Rajasthan University,94,9.89,BTech,2023,Robotics,Engineering,"Hindi, English",Robotics,0.6,Jodhpur,Robotics design project,Tech fest,None,Patent filed
Kavita Desai,21,Female,General,kavita.desai@mail.com,9876501234,Gujarat,Surat,395001,Surat High School,90,Surat Junior Coll,92,Gujarat University,97,10.21,BSc Chemistry,2024,Analytical Chemistry,Chemistry,"English, Gujarati",Lab skills,1.9,Surat,Chemistry research project,Science quiz,Research papers,None
Sanjay Rao,24,Male,OBC,sanjay.rao@mail.com,9786543210,Karnataka,Bangalore,560001,Bangalore Public Sch,88,Bangalore College,86,Bangalore University,95,10.00,BCom,2022,Digital Marketing,Marketing,"English, Kannada",SEO,0.9,Bangalore,Marketing campaign project,Business competition,None,None
Tanya Paul,22,Female,SC,tanya.paul@mail.com,9876512345,Kerala,Kochi,682001,Kochi High School,85,Kochi Junior Coll,88,Kerala University,91,9.58,BA English,2023,Creative Writing,Literature,"English, Malayalam","Writing, Editing",2.5,Kochi,Literary research project,Essay competition,Published articles,None
Karan Malhotra,23,Male,General,karan.malhotra@mail.com,9898981234,Punjab,Amritsar,143001,Amritsar High School,87,Amritsar Junior Coll,89,Punjab University,92,9.68,BTech,2023,"Python, Java",Computer Sci,"English, Punjabi","Coding, Debugging",1,Amritsar,Software dev project,Hackathon,None,None
Anjali Mishra,21,Female,OBC,anjali.mishra@mail.com,9876544321,Uttar Pradesh,Varanasi,221001,Varanasi Public Sch,88,Varanasi College,90,Banaras Hindu Univ,86,9.05,BSc Biology,2024,Biotechnology,Biology,"Hindi, English",Lab skills,0.7,Varanasi,Biotech research project,Science quiz,Research papers,None
Aditya Malhotra,22,Male,General,aditya.malhotra@mail.com,9898981111,Delhi,New Delhi,110002,Delhi Public School,89,Delhi Senior School,91,Delhi University,81,8.53,BTech,2024,AWS Certified,Computer Sci,"English, Hindi",Cloud Computing,1.2,Delhi,Cloud migration project,Tech Fest,None,None
Sneha Kapoor,23,Female,OBC,sneha.kapoor@mail.com,9876542222,Maharashtra,Mumbai,400002,Mumbai High School,88,Mumbai Junior College,89,Mumbai University,83,8.74,BCom,2023,Digital Marketing,Marketing,"English, Marathi","SEO, Social Media",2.3,Mumbai,Social media campaign,Business Quiz,None,None
Varun Sharma,21,Male,SC,varun.sharma@mail.com,9765433333,Uttar Pradesh,Kanpur,208001,Kanpur High School,84,Kanpur Junior College,86,Kanpur University,94,9.89,BSc Physics,2024,"Python, Data Science",Physics,"Hindi, English",Programming,1.6,Kanpur,Physics experiment project,Science Fair,None,None
Riya Jain,22,Female,General,riya.jain@mail.com,9854324444,Rajasthan,Jaipur,302002,Jaipur Public School,90,Jaipur Senior School,92,Rajasthan University,92,9.68,BA History,2023,Creative Writing,History,"English, Hindi",Research,0.8,Jaipur,History documentation project,Debate Competition,None,None
Manoj Kumar,23,Male,OBC,manoj.kumar@mail.com,9876515555,Bihar,Patna,800002,Patna High School,87,Patna Junior College,88,Patna University,94,9.89,BCom,2023,Accounting,Commerce,"Hindi, English",Accounting,1.4,Patna,Finance management project,Business Quiz,None,None
Divya Singh,21,Female,SC,divya.singh@mail.com,9876526666,Punjab,Ludhiana,141002,Ludhiana Public School,85,Ludhiana Junior Coll,87,Punjab University,97,10.21,BSc Biology,2024,Biotechnology,Biology,"English, Punjabi",Lab Skills,2,Ludhiana,Biotechnology research project,Science Quiz,Research Papers,None
Karan Mehta,24,Male,General,karan.mehta@mail.com,9845537777,Gujarat,Ahmedabad,380002,Ahmedabad High School,89,Ahmedabad Junior Coll,90,Gujarat University,86,9.05,BTech,2023,Robotics,Engineering,"English, Gujarati",Robotics,1.5,Ahmedabad,Robotics design project,Tech Fest,None,Patent filed
Snehal Desai,22,Female,General,snehal.desai@mail.com,9823448888,Maharashtra,Pune,411002,Pune High School,90,Pune Junior College,91,Pune University,81,8.53,BCom,2024,"Finance, Excel",Commerce,"English, Marathi",Financial Analysis,2,Pune,Financial analysis project,Business Competition,None,None
Anil Raj,23,Male,OBC,anil.raj@mail.com,9811229999,Karnataka,Bangalore,560002,Bangalore Public Sch,86,Bangalore Senior Coll,88,Bangalore University,93,9.79,BSc Chemistry,2023,Analytical Chemistry,Chemistry,"English, Kannada",Lab Skills,2.3,Bangalore,Chemistry research project,Science Quiz,Research Papers,None
Preeti Sharma,21,Female,SC,preeti.sharma@mail.com,9876510000,Uttar Pradesh,Varanasi,221002,Varanasi High School,87,Varanasi Junior Coll,88,Banaras Hindu Univ,94,9.89,BA English,2024,Creative Writing,Literature,"English, Hindi","Writing, Editing",0.6,Varanasi,Literary research project,Essay Competition,Published Articles,None
Nitin Yadav,22,Male,OBC,nitin.yadav@mail.com,9876501123,Uttar Pradesh,Agra,282001,Agra Public School,85,Agra Senior Secondary,87,Agra University,96,10.11,BTech,2024,"Python, AWS",IT,"Hindi, English",Programming,1.1,Agra,Cloud computing project,Hackathon,None,None
Shruti Mishra,21,Female,General,shruti.mishra@mail.com,9876541124,Madhya Pradesh,Indore,452001,Indore Public School,88,Indore Junior College,89,Indore University,94,9.89,BSc Chemistry,2024,Analytical Chemistry,Chemistry,"Hindi, English",Lab skills,1.7,Indore,Chemical analysis project,Science Quiz,Research papers,None
Sameer Khan,23,Male,OBC,sameer.khan@mail.com,9765431125,Bihar,Gaya,823001,Gaya High School,84,Gaya Junior College,85,Bihar University,91,9.58,BCom,2023,Digital Marketing,Commerce,"Hindi, English",Marketing,2.5,Gaya,Marketing campaign project,Business Quiz,None,None
Richa Patel,22,Female,General,richa.patel@mail.com,9854321126,Gujarat,Surat,395002,Surat High School,90,Surat Junior College,91,Gujarat University,83,8.74,BCom,2023,"Finance, Excel",Commerce,"English, Gujarati",Financial analysis,0.9,Surat,Financial project,Business Competition,None,None
Manish Tiwari,24,Male,General,manish.tiwari@mail.com,9876511127,Uttar Pradesh,Varanasi,221003,Varanasi Public School,86,Varanasi Senior Sec,87,Banaras Hindu University,86,9.05,BTech,2022,Robotics,Engineering,"Hindi, English",Robotics,1.4,Varanasi,Robotics design project,Tech Fest,Patent filed,Patent filed
Priyanka Das,21,Female,SC,priyanka.das@mail.com,9876521128,West Bengal,Kolkata,700002,Kolkata Public School,85,Kolkata Junior College,87,Calcutta University,94,9.89,BA Sociology,2024,Social Work,Sociology,"English, Bengali",Research,2.1,Kolkata,Social research project,Debate Competition,None,None
Rohit Jain,23,Male,General,rohit.jain@mail.com,9845531129,Rajasthan,Jaipur,302003,Jaipur High School,88,Jaipur Junior College,90,Rajasthan University,86,9.05,BSc Physics,2023,Data Science,Physics,"Hindi, English",Programming,2.3,Jaipur,Data analysis project,Science Fair,Research papers,None
Aarti Sharma,22,Female,OBC,aarti.sharma@mail.com,9823441130,Maharashtra,Mumbai,400003,Mumbai High School,89,Mumbai Junior College,90,Mumbai University,81,8.53,BCom,2024,Marketing,Commerce,"English, Marathi","SEO, Social Media",1.1,Mumbai,Marketing strategy project,Business Quiz,None,None
Deepak Singh,24,Male,SC,deepak.singh@mail.com,9811221131,Punjab,Ludhiana,141003,Ludhiana High School,84,Ludhiana Junior Coll,85,Punjab University,87,9.16,BA History,2022,Archiving,History,"English, Punjabi",Research,1.9,Ludhiana,Historical documentation,Essay Competition,None,None
Meena Reddy,21,Female,General,meena.reddy@mail.com,9876511132,Telangana,Hyderabad,500002,Hyderabad Public School,90,Hyderabad Junior Coll,91,Osmania University,90,9.47,BTech,2024,"Java, Python",Computer Sci,"English, Telugu","Coding, Debugging",1.4,Hyderabad,Software development project,Hackathon,None,None
Ankit Kumar,23,Male,OBC,ankit.kumar@mail.com,9876521133,Bihar,Patna,800003,Patna High School,86,Patna Senior Sec,87,Patna University,93,9.79,BCom,2023,Accounting,Commerce,"Hindi, English",Accounting,2.5,Patna,Finance management project,Business Quiz,None,None
Kavya Nair,22,Female,General,kavya.nair@mail.com,9845531134,Kerala,Thiruvananthapuram,695002,Kerala High School,88,Kerala Junior College,90,Kerala University,96,10.11,BSc Biology,2024,Biotechnology,Biology,"English, Malayalam",Lab skills,0.8,Thiruvananthapuram,Biotechnology research project,Science Quiz,Research papers,None
Prakash Joshi,24,Male,General,prakash.joshi@mail.com,9823441135,Maharashtra,Pune,411003,Pune High School,87,Pune Junior College,89,Pune University,91,9.58,BTech,2024,AutoCAD,Mechanical Eng,"English, Marathi","CAD, Design",1,Pune,Mechanical design project,Tech Fest,None,Patent filed
Pooja Sharma,21,Female,OBC,pooja.sharma@mail.com,9876511136,Uttar Pradesh,Lucknow,226002,Lucknow Public School,85,Lucknow Junior College,87,Lucknow University,90,9.47,BA English,2023,Creative Writing,Literature,"Hindi, English","English, Marathi",1.6,Lucknow,Literary research project,Essay Competition,Published articles,None
Suresh Patel,23,Male,General,suresh.patel@mail.com,9876521137,Gujarat,Ahmedabad,380003,Ahmedabad High School,88,Ahmedabad Junior Coll,89,Gujarat University,86,9.05,BCom,2024,Digital Marketing,Marketing,"English, Gujarati","SEO, Social Media",2.2,Ahmedabad,Marketing campaign project,Business Competition,None,None
Archana Verma,22,Female,SC,archana.verma@mail.com,9811221138,Haryana,Gurgaon,122002,Gurgaon Public School,84,Gurgaon Junior Coll,86,Haryana University,86,9.05,BA Sociology,2022,Social Work,Sociology,"Hindi, English",Research,1.3,Gurgaon,Social work research,Debate Competition,None,None
Vinay Kumar,24,Male,OBC,vinay.kumar@mail.com,9876531139,Karnataka,Bangalore,560003,Bangalore Public School,86,Bangalore Senior Coll,87,Bangalore University,97,10.21,BTech,2023,Digital Marketing,Literature,"English, Marathi","Programming, ML",1.8,Ahmedabad,Literary research project,Tech Fest,Research papers,Patent filed
Aarav Sharma,22,Male,General,aarav.sharma1@mail.com,9876543210,Maharashtra,Pune,411001,Delhi Public School,88,Delhi University,91,Pune University,83,8.74,BSc Computer Sci,2023,"Python, Data Science",AI,"English, Hindi",Accounting,1.1,Pune,College Project on AI,Hackathon,None,None
Ananya Verma,23,Female,OBC,ananya.verma2@mail.com,9123456781,Uttar Pradesh,Lucknow,226002,National High School,82,Mumbai University,85,Lucknow University,87,9.16,BCom,2024,"Excel, Tally",Finance,"Hindi, English","Writing, Editing",2.4,Lucknow,Finance management project,Business Quiz,Published articles,None
Vihaan Reddy,21,Male,SC,vihaan.reddy3@mail.com,9988776656,Karnataka,Bangalore,560001,Bright Future School,90,IIT Delhi,92,Patna University,82,8.63,BA English,2022,Creative Writing,Literature,"English, Hindi","CAD, Design",0.7,Bangalore,Research paper on Literature,Robotics comp.,None,Patent filed
Diya Iyer,24,Female,General,diya.iyer4@mail.com,9876512341,Tamil Nadu,Chennai,600001,Modern Academy,75,Anna University,80,Rajasthan University,80,8.42,BTech,2023,AutoCAD,Mechanical Eng,"Hindi, English",Lab skills,1.5,Chennai,Mechanical design project,Science Quiz,Research papers,None
Rohan Gupta,22,Male,ST,rohan.gupta5@mail.com,9654321788,Bihar,Patna,800002,City Public School,89,Banaras Hindu Univ.,87,Punjab University,90,9.47,BSc Biology,2023,Biotechnology,Genetics,"English, Punjabi","SEO, Social Media",1.2,Patna,Biotechnology project,Essay writing,Published articles,None
Kavya Patel,21,Female,General,kavya.patel6@mail.com,9765432190,Gujarat,Ahmedabad,380001,Bright Future School,85,Delhi University,88,Gujarat University,94,9.89,BCom,2024,Digital Marketing,Marketing,"English, Gujarati","Coding, Debugging",2.3,Ahmedabad,Marketing campaign project,Business Quiz,None,None
Ishaan Das,23,Male,OBC,ishaan.das7@mail.com,9345678123,West Bengal,Kolkata,700001,National High School,91,IIT Bombay,90,Osmania University,91,9.58,BTech,2022,"Java, Python",Computer Sci,"English, Telugu",Research,1.9,Kolkata,Software development project,Hackathon,Research papers,None
Meera Chopra,22,Female,General,meera.chopra8@mail.com,9876001234,Rajasthan,Jaipur,302002,City Public School,78,Mumbai University,82,Bhopal University,94,9.89,BA History,2023,Archiving,History,"Hindi, English",Financial Analysis,1.4,Jaipur,History documentation project,Science Quiz,Published articles,None
Arjun Nair,24,Male,SC,arjun.nair9@mail.com,9234567890,Kerala,Kochi,682001,Delhi Public School,90,IIT Bombay,91,Mumbai University,91,9.58,BCom,2023,"Finance, Excel",Commerce,"English, Marathi","Cloud, Networking",0.9,Kochi,Financial project,Robotics comp.,None,Patent filed
Nisha Agarwal,21,Female,General,nisha.agarwal10@mail.com,9876543299,Punjab,Ludhiana,141002,Bright Future School,88,Banaras Hindu Univ.,89,Delhi University,85,8.95,BTech,2024,Cloud Computing,IT,"English, Hindi",Research,2.1,Ludhiana,Cloud infrastructure project,Essay writing,Research papers,None
Varun Reddy,23,Male,OBC,varun.reddy11@mail.com,9123004567,Telangana,Hyderabad,500001,City Public School,84,IIT Delhi,86,Haryana University,87,9.16,BA Sociology,2022,Social work,Sociology,"Hindi, English",Lab skills,1,Hyderabad,Physics research project,Hackathon,None,Patent filed
Priya Sharma,22,Female,General,priya.sharma12@mail.com,9765012345,Madhya Pradesh,Bhopal,462001,Bright Future School,92,Delhi University,90,Kerala University,91,9.58,BSc Physics,2023,Data Analysis,Physics,"English, Malayalam",Marketing,2.3,Bhopal,Marketing strategy project,Business Quiz,Published articles,None
Sandeep Iyer,24,Male,ST,sandeep.iyer13@mail.com,9345678910,Tamil Nadu,Chennai,600002,Delhi Public School,87,Anna University,89,Calcutta University,97,10.21,BCom,2023,Marketing,Commerce,"English, Bengali",Robotics,0.9,Chennai,Robotics design project,Science Quiz,Research papers,None
Shreya Gupta,21,Female,OBC,shreya.gupta14@mail.com,9876432100,Uttar Pradesh,Lucknow,226003,National High School,85,Banaras Hindu Univ.,87,Rajasthan University,89,9.37,BTech,2024,Robotics,Engineering,"Hindi, English",Lab skills,1.8,Lucknow,Chemistry research project,Essay writing,Published articles,None
Deepak Verma,23,Male,General,deepak.verma15@mail.com,9234007891,Rajasthan,Jaipur,302003,Bright Future School,90,IIT Bombay,92,Gujarat University,85,8.95,BSc Chemistry,2024,Analytical Chemistry,Chemistry,"English, Gujarati",SEO,1.2,Jaipur,Marketing campaign project,Robotics comp.,None,Patent filed
Myra Nair,22,Female,SC,myra.nair16@mail.com,9123445678,Kerala,Kochi,682002,City Public School,88,Mumbai University,86,Bangalore University,89,9.37,BCom,2023,Digital Marketing,Marketing,"English, Kannada","Writing, Editing",2,Kochi,Literary research project,Science Quiz,Research papers,None
Gaurav Patel,24,Male,General,gaurav.patel17@mail.com,9765123490,Gujarat,Ahmedabad,380002,Modern Academy,85,Delhi University,88,Kerala University,84,8.84,BA English,2024,Creative Writing,Literature,"English, Malayalam","Coding, Debugging",0.7,Ahmedabad,Software dev project,Business Quiz,None,None
Ira Agarwal,21,Female,OBC,ira.agarwal18@mail.com,9876321450,West Bengal,Kolkata,700002,National High School,87,IIT Delhi,89,Punjab University,95,10.00,BTech,2023,"Python, Java",Computer Sci,"English, Punjabi",Lab skills,1.5,Kolkata,Biotech research project,Hackathon,Published articles,None
Ravi Chopra,23,Male,ST,ravi.chopra19@mail.com,9345609876,Punjab,Ludhiana,141003,Bright Future School,88,Banaras Hindu Univ.,90,Banaras Hindu Univ,94,9.89,BSc Biology,2023,Biotechnology,Biology,"Hindi, English",Cloud Computing,1.9,Ludhiana,Cloud migration project,Essay writing,None,None
Sneha Das,22,Female,General,sneha.das20@mail.com,9876201234,Odisha,Bhubaneswar,751001,City Public School,89,Utkal University,91,Delhi University,93,9.79,BTech,2024,AWS Certified,Computer Sci,"English, Hindi","SEO, Social Media",2.2,Bhubaneswar,Social media campaign,Science Quiz,Research papers,None
Nikhil Reddy,24,Male,General,nikhil.reddy21@mail.com,9765098765,Telangana,Hyderabad,500002,Delhi Public School,88,IIT Bombay,89,Mumbai University,87,9.16,BCom,2023,Digital Marketing,Marketing,"English, Marathi",Programming,1.3,Hyderabad,Physics experiment project,Robotics comp.,None,Patent filed
Anjali Sharma,23,Female,OBC,anjali.sharma22@mail.com,9345670123,Madhya Pradesh,Bhopal,462002,Modern Academy,84,Delhi University,86,Kanpur University,84,8.84,BSc Physics,2024,"Python, Data Science",Physics,"Hindi, English",Research,1.9,Bhopal,History documentation project,Business Quiz,Published articles,None
Ajay Iyer,21,Male,SC,ajay.iyer23@mail.com,9876345098,Tamil Nadu,Chennai,600003,Bright Future School,90,Anna University,92,Rajasthan University,82,8.63,BA History,2023,Creative Writing,History,"English, Hindi",Accounting,0.8,Chennai,Finance management project,Science Quiz,Research papers,None
Manisha Gupta,22,Female,General,manisha.gupta24@mail.com,9765345678,Bihar,Patna,800003,City Public School,87,Banaras Hindu Univ.,88,Patna University,80,8.42,BCom,2024,Accounting,Commerce,"Hindi, English",Lab Skills,1.6,Patna,Biotechnology research project,Essay writing,Published articles,None
Krishna Nair,23,Male,General,krishna.nair25@mail.com,9123987654,Kerala,Kochi,682003,National High School,85,IIT Delhi,87,Punjab University,98,10.32,BSc Biology,2024,Biotechnology,Biology,"English, Punjabi",Robotics,1.7,Kochi,Robotics design project,Hackathon,None,Patent filed
Aarav Patel,22,Male,General,aarav.patel26@mail.com,9876102345,Maharashtra,Pune,411002,Delhi Public School,90,IIT Bombay,90,Gujarat University,93,9.79,BTech,2024,Robotics,Engineering,"English, Gujarati",Financial Analysis,2.4,Pune,Chemistry research project,Hackathon,None,Patent filed
Neha Reddy,23,Female,OBC,neha.reddy27@mail.com,9345012345,Telangana,Hyderabad,500003,National High School,86,Osmania University,91,Pune University,94,9.89,BCom,2023,"Finance, Excel",Commerce,"English, Marathi",Lab Skills,1.5,Hyderabad,Literary research project,Business Quiz,Published articles,None
Vikram Iyer,24,Male,General,vikram.iyer28@mail.com,9765123456,Tamil Nadu,Chennai,600004,Bright Future School,87,Anna University,88,Bangalore University,97,10.21,BSc Chemistry,2023,Analytical Chemistry,Chemistry,"English, Kannada","Writing, Editing",2.1,Chennai,Cloud computing project,Robotics comp.,None,Patent filed
Sneha Gupta,21,Female,SC,sneha.gupta29@mail.com,9876234567,Uttar Pradesh,Lucknow,226004,City Public School,85,Banaras Hindu Univ.,88,Banaras Hindu Univ,95,10.00,BA English,2022,Creative Writing,Literature,"English, Hindi",Programming,0.9,Lucknow,Chemical analysis project,Essay writing,Published articles,None
Rahul Sharma,22,Male,General,rahul.sharma30@mail.com,9123456701,Rajasthan,Jaipur,302004,Modern Academy,88,Delhi University,87,Agra University,91,9.58,BTech,2024,"Python, AWS",IT,"Hindi, English",Lab skills,2,Jaipur,Marketing campaign project,Business Quiz,None,None
Ishita Nair,23,Female,OBC,ishita.nair31@mail.com,9765432109,Kerala,Kochi,682004,Delhi Public School,84,IIT Delhi,89,Indore University,92,9.68,BSc Chemistry,2023,Analytical Chemistry,Chemistry,"Hindi, English",Marketing,1.1,Kochi,Financial project,Hackathon,Research papers,None
Sandeep Verma,24,Male,ST,sandeep.verma32@mail.com,9345098765,Madhya Pradesh,Bhopal,462003,Bright Future School,90,IIT Bombay,85,Bihar University,86,9.05,BCom,2024,Digital Marketing,Commerce,"Hindi, English",Financial analysis,2.4,Bhopal,Robotics design project,Robotics comp.,None,Patent filed
Anjali Das,21,Female,General,anjali.das33@mail.com,9876543012,West Bengal,Kolkata,700003,City Public School,86,Jadavpur University,91,Gujarat University,81,8.53,BCom,2022,"Finance, Excel",Commerce,"English, Gujarati",Robotics,0.8,Kolkata,Social research project,Science Quiz,Research papers,None
Rohit Agarwal,22,Male,OBC,rohit.agarwal34@mail.com,9123098765,Punjab,Ludhiana,141004,Modern Academy,85,Panjab University,87,Banaras Hindu University,83,8.74,BTech,2024,Robotics,Engineering,"Hindi, English",Research,1.6,Ludhiana,Data analysis project,Business Quiz,Published articles,None
Pooja Chopra,23,Female,General,pooja.chopra35@mail.com,9765432180,Gujarat,Ahmedabad,380003,Bright Future School,88,Gujarat University,87,Calcutta University,94,9.89,BA Sociology,2023,Social Work,Sociology,"English, Bengali",Programming,1.2,Ahmedabad,Marketing strategy project,Essay writing,None,None
Karan Malhotra,24,Male,General,karan.malhotra36@mail.com,9876001122,Delhi,New Delhi,110003,Delhi Public School,84,Delhi University,90,Rajasthan University,92,9.68,BSc Physics,2024,Data Science,Physics,"Hindi, English","SEO, Social Media",2.3,New Delhi,Software development project,Debate comp.,Articles,None
Meera Joshi,22,Female,OBC,meera.joshi37@mail.com,9345067890,Maharashtra,Nagpur,440004,National High School,90,RTM Nagpur Univ.,90,Mumbai University,94,9.89,BCom,2024,Marketing,Commerce,"English, Marathi",Research,1.5,Nagpur,Finance management project,Math Olympiad,Research papers,None
Arjun Singh,23,Male,SC,arjun.singh38@mail.com,9765011122,Uttar Pradesh,Kanpur,208004,City Public School,86,IIT Kanpur,85,Punjab University,97,10.21,BA History,2023,Archiving,History,"English, Punjabi","Coding, Debugging",1.3,Kanpur,Biotechnology research project,Hackathon,None,Patent filed
Priya Kulkarni,22,Female,General,priya.kulkarni39@mail.com,9876122233,Karnataka,Bengaluru,560003,Bright Future School,88,Bangalore University,91,Osmania University,86,9.05,BTech,2024,"Java, Python",Computer Sci,"English, Telugu",Accounting,0.7,Bengaluru,Mechanical design project,Business Quiz,None,None
Mohit Chawla,24,Male,General,mohit.chawla40@mail.com,9123456782,Punjab,Amritsar,143003,Modern Academy,87,Panjab University,87,Patna University,81,8.53,BCom,2022,Accounting,Commerce,"Hindi, English",Lab skills,1.7,Amritsar,Literary research project,Debate comp.,Articles,None
Radhika Menon,21,Female,OBC,radhika.menon41@mail.com,9765432299,Kerala,Thiruvananth,695004,Delhi Public School,85,Kerala University,90,Kerala University,93,9.79,BSc Biology,2023,Biotechnology,Biology,"English, Malayalam","CAD, Design",1.4,Thiruvananthapuram,Marketing campaign project,Science Quiz,Research papers,None
Devansh Khanna,22,Male,General,dev.khanna42@mail.com,9345099901,Haryana,Gurugram,122004,Bright Future School,88,Ashoka University,89,Pune University,94,9.89,BTech,2023,AutoCAD,Mechanical Eng,"English, Marathi","English, Marathi",2.6,Gurugram,Social work research,Essay writing,Articles,None
Ananya Mishra,23,Female,SC,ananya.mishra43@mail.com,9876543120,Bihar,Patna,800004,Modern Academy,84,Patna University,87,Lucknow University,96,10.11,BA English,2024,Creative Writing,Literature,"Hindi, English","SEO, Social Media",0.9,Patna,Literary research project,Essay comp.,Published works,None
Sameer Khan,24,Male,General,sameer.khan44@mail.com,9123012345,Madhya Pradesh,Indore,452004,City Public School,86,Devi Ahilya Univ.,89,Gujarat University,94,9.89,BCom,2022,Digital Marketing,Marketing,"English, Gujarati",Research,1.8,Indore,Cloud migration project,Hackathon,Research papers,None
Shreya Banerjee,22,Female,General,shreya.banerjee45@mail.com,9765433344,West Bengal,Howrah,711104,National High School,88,Presidency University,86,Haryana University,91,9.58,BA Sociology,2023,Social Work,Sociology,"Hindi, English","Programming, ML",1.2,Kolkata,Social media campaign,Quiz competition,Research papers,None
Aditya Kapoor,23,Male,General,aditya.kapoor46@mail.com,9876002233,Delhi,New Delhi,110004,Delhi Public School,90,IIT Delhi,87,Bangalore University,83,8.74,BTech,2023,Digital Marketing,Literature,"English, Marathi",Accounting,2,Delhi,History documentation project,Hackathon,Research papers,Patent filed
Kavya Rathi,22,Female,OBC,kavya.rathi47@mail.com,9345076543,Rajasthan,Udaipur,313004,City Public School,75,MLSU Udaipur,91,Pune University,86,9.05,BSc Computer Sci,2024,"Python, Data Science",AI,Rural dev. project,"Writing, Editing",1.4,Udaipur,Finance management project,Essay comp.,Articles,None
Nikhil Deshmukh,24,Male,SC,nikhil.deshmukh48@mail.com,9765098761,Maharashtra,Mumbai,400004,National High School,89,Mumbai University,85,Lucknow University,94,9.89,BCom,2022,"Excel, Tally",Finance,Finance tracker,"CAD, Design",2.5,Mumbai,Biotechnology research project,Business Quiz,Published works,None
Riya Sen,21,Female,General,riya.sen49@mail.com,9876114455,West Bengal,Kolkata,700004,Modern Academy,85,Jadavpur University,92,Patna University,86,9.05,BA English,2023,Creative Writing,Literature,Story collection,Lab skills,0.9,Kolkata,Robotics design project,Essay writing,Poems published,None
Manish Yadav,23,Male,OBC,manish.yadav50@mail.com,9123456790,Uttar Pradesh,Varanasi,221004,Bright Future School,91,BHU Varanasi,80,Rajasthan University,81,8.53,BTech,2023,AutoCAD,Mechanical Eng,Lab project,"SEO, Social Media",1.8,Varanasi,Financial analysis project,Science Quiz,Research paper,None
Deepika Sharma,22,Female,General,deepika.sharma51@mail.com,9765433400,Himachal Pradesh,Shimla,171004,City Public School,78,Himachal Univ.,87,Punjab University,87,9.16,BSc Biology,2024,Biotechnology,Genetics,Policy framework,"Coding, Debugging",1.2,Shimla,Chemistry research project,Debate comp.,Articles,None
Arnav Mehta,24,Male,General,arnav.mehta52@mail.com,9345098712,Gujarat,Surat,395004,Delhi Public School,90,NIT Surat,88,Gujarat University,90,9.47,BCom,2022,Digital Marketing,Marketing,Robotics arm,Research,2.6,Surat,Literary research project,Robotics comp.,None,Patent filed
Sonia Thomas,23,Female,OBC,sonia.thomas53@mail.com,9876543221,Kerala,Ernakulam,682005,Bright Future School,88,MG University,90,Osmania University,93,9.79,BTech,2023,"Java, Python",Computer Sci,Health survey,Financial Analysis,0.8,Kochi,Cloud computing project,Science Quiz,Research paper,None
Harshit Bansal,22,Male,SC,harshit.bansal54@mail.com,9123098776,Haryana,Faridabad,121004,Modern Academy,84,YMCA University,82,Bhopal University,96,10.11,BA History,2023,Archiving,History,Security app,"Cloud, Networking",1.9,Faridabad,Chemical analysis project,Hackathon,None,Patent filed
Pallavi Ghosh,21,Female,General,pallavi.ghosh55@mail.com,9765433331,Assam,Guwahati,781004,National High School,92,Gauhati University,91,Mumbai University,91,9.58,BCom,2024,"Finance, Excel",Commerce,Campus newsletter,Research,1.5,Guwahati,Marketing campaign project,Debate comp.,Articles,None
Varun Khurana,23,Male,General,varun.khurana56@mail.com,9876003344,Delhi,New Delhi,110005,Delhi Public School,85,IIT Delhi,89,Delhi University,90,9.47,BTech,2024,Cloud Computing,IT,AI recommendation sys,Lab skills,2.2,Delhi,Robotics design project,Hackathon,Research papers,Patent filed
Anika Ramesh,22,Female,OBC,anika.ramesh57@mail.com,9345087654,Tamil Nadu,Coimbatore,641004,Bright Future School,90,PSG Tech,86,Haryana University,86,9.05,BA Sociology,2023,Social work,Sociology,Survey analytics,Marketing,1.4,Coimbatore,Social research project,Math Olympiad,Research paper,None
Rajeev Chauhan,24,Male,SC,rajeev.chauhan58@mail.com,9765009988,Uttar Pradesh,Meerut,250004,City Public School,88,CCSU Meerut,90,Kerala University,86,9.05,BSc Physics,2024,Data Analysis,Physics,Policy framework,Robotics,2.6,Meerut,Data analysis project,Debate comp.,Articles,None
Divya Pillai,21,Female,General,divya.pillai59@mail.com,9876125566,Kerala,Kollam,691004,National High School,85,Kerala University,89,Calcutta University,97,10.21,BCom,2023,Marketing,Commerce,Lab reports,Lab skills,0.9,Kollam,Marketing strategy project,Science Quiz,Research paper,None
Abhishek Rana,23,Male,General,abhishek.rana60@mail.com,9123456711,Himachal Pradesh,Kangra,176004,Modern Academy,87,NIT Hamirpur,87,Rajasthan University,83,8.74,BTech,2023,Robotics,Engineering,Security framework,SEO,1.8,Kangra,Historical documentation,Hackathon,None,Patent filed
Nandita Bose,22,Female,General,nandita.bose61@mail.com,9765434455,West Bengal,Siliguri,734004,City Public School,88,North Bengal Univ.,92,Gujarat University,87,9.16,BSc Chemistry,2024,Analytical Chemistry,Chemistry,Short stories,"Writing, Editing",1.3,Siliguri,Software development project,Essay writing,Published works,None
Rohan Mukherjee,24,Male,OBC,rohan.mukherjee62@mail.com,9345012334,Bihar,Gaya,823004,Bright Future School,89,Magadh University,86,Bangalore University,82,8.63,BCom,2023,Digital Marketing,Marketing,Chemical experiments,"Coding, Debugging",2.4,Gaya,Finance management project,Science Quiz,Research papers,None
Snehal Patil,21,Female,SC,snehal.patil63@mail.com,9876543666,Maharashtra,Nashik,422004,Delhi Public School,88,SPPU Pune,88,Kerala University,80,8.42,BA English,2024,Creative Writing,Literature,Rural survey,Lab skills,1.6,Nashik,Biotechnology research project,Essay comp.,Articles,None
Yashwant Singh,22,Male,General,yashwant.singh64@mail.com,9123098444,Rajasthan,Jodhpur,342004,National High School,84,JNVU Jodhpur,89,Punjab University,90,9.47,BTech,2023,"Python, Java",Computer Sci,Finance app,Cloud Computing,1.2,Jodhpur,Mechanical design project,Business Quiz,None,None
Alisha Fernandes,23,Female,General,alisha.fernandes65@mail.com,9765433777,Goa,Panaji,403004,Modern Academy,90,Goa University,90,Banaras Hindu Univ,94,9.89,BSc Biology,2024,Biotechnology,Biology,Tourism project,"SEO, Social Media",0.8,Panaji,Literary research project,Debate comp.,Articles,None
Akash Srivastava,24,Male,General,akash.srivastava66@mail.com,9876004455,Uttar Pradesh,Allahabad,211004,Bright Future School,85,Allahabad University,91,Delhi University,91,9.58,BTech,2024,AWS Certified,Computer Sci,Finance system,Programming,1.9,Allahabad,Social work research,Business Quiz,Published works,None
Tanvi Desai,22,Female,General,tanvi.desai67@mail.com,9345091122,Gujarat,Vadodara,390004,Delhi Public School,89,MSU Baroda,89,Mumbai University,94,9.89,BCom,2024,Digital Marketing,Marketing,Social study project,Research,1.2,Vadodara,Literary research project,Essay comp.,Articles,None
Harsh Vardhan,23,Male,OBC,harsh.vardhan68@mail.com,9765012233,Madhya Pradesh,Gwalior,474004,Modern Academy,90,Jiwaji University,86,Kanpur University,91,9.58,BSc Physics,2023,"Python, Data Science",Physics,Physics experiment,Accounting,2.7,Gwalior,Cloud migration project,Science Quiz,Research papers,None
Nisha Kumari,21,Female,SC,nisha.kumari69@mail.com,9876133344,Jharkhand,Ranchi,834004,National High School,86,Ranchi University,92,Rajasthan University,85,8.95,BA History,2023,Creative Writing,History,Story collection,Lab Skills,0.8,Ranchi,Social media campaign,Essay writing,Published works,None
Vivek Nair,22,Male,General,vivek.nair70@mail.com,9123456799,Kerala,Kozhikode,673004,City Public School,87,NIT Calicut,88,Patna University,87,9.16,BCom,2022,Accounting,Commerce,Cyber defense tool,Robotics,1.7,Kozhikode,Physics experiment project,Hackathon,None,Patent filed
Rupal Meena,23,Female,ST,rupal.meena71@mail.com,9765434567,Rajasthan,Kota,324004,Bright Future School,85,Kota University,87,Punjab University,91,9.58,BSc Biology,2024,Biotechnology,Biology,Genetic experiment,Financial Analysis,1.3,Kota,History documentation project,Science Quiz,Research papers,None
Siddharth Rao,24,Male,General,siddharth.rao72@mail.com,9345077711,Karnataka,Mysuru,570004,Modern Academy,88,Mysore University,90,Gujarat University,97,10.21,BTech,2023,Robotics,Engineering,Policy report,Lab Skills,2.5,Mysuru,Finance management project,Debate comp.,Articles,None
Aditi Chatterjee,22,Female,General,aditi.chatterjee73@mail.com,9876543888,West Bengal,Durgapur,713204,Delhi Public School,84,NIT Durgapur,91,Pune University,89,9.37,BCom,2024,"Finance, Excel",Commerce,Data analysis tool,"Writing, Editing",1.6,Durgapur,Biotechnology research project,Hackathon,Research papers,None
Om Prakash Yadav,23,Male,OBC,omprakash.yadav74@mail.com,9123011222,Bihar,Muzaffarpur,842004,National High School,90,LNMU Darbhanga,88,Bangalore University,85,8.95,BSc Chemistry,2022,Analytical Chemistry,Chemistry,Chemical survey,Programming,1.4,Muzaffarpur,Robotics design project,Science Quiz,Research papers,None
Sneha Pillai,21,Female,General,sneha.pillai75@mail.com,9765433999,Kerala,Trivandrum,695005,Bright Future School,86,Kerala University,88,Banaras Hindu Univ,89,9.37,BA English,2024,Creative Writing,Literature,Women’s study proj.,Lab skills,0.7,Trivandrum,Financial analysis project,Essay comp.,Articles,None
Krishnan Iyer,23,Male,General,krishnan.iyer76@mail.com,9876005566,Tamil Nadu,Chennai,600005,Bright Future School,88,Anna University,87,Agra University,84,8.84,BTech,2023,"Python, AWS",IT,Drone prototype,Marketing,1.3,Chennai,Social media campaign,Robotics comp.,None,Patent filed
Simran Kaur,22,Female,General,simran.kaur77@mail.com,9345092233,Punjab,Jalandhar,144004,Modern Academy,89,Panjab University,89,Indore University,95,10.00,BSc Chemistry,2024,Analytical Chemistry,Chemistry,Campus magazine,Financial analysis,2.1,Jalandhar,Physics experiment project,Debate comp.,Articles,None
Rohan Shetty,24,Male,OBC,rohan.shetty78@mail.com,9765023344,Karnataka,Mangaluru,575004,Delhi Public School,84,NITK Surathkal,85,Bihar University,94,9.89,BCom,2024,Digital Marketing,Commerce,AI project,Robotics,0.9,Mangaluru,History documentation project,Hackathon,Research papers,Patent filed
Anushka Sinha,21,Female,General,anushka.sinha79@mail.com,9876144455,Jharkhand,Jamshedpur,831004,Bright Future School,90,XLRI Jamshedpur,91,Gujarat University,93,9.79,BCom,2023,"Finance, Excel",Commerce,HR training project,Research,2.3,Jamshedpur,Finance management project,Business Quiz,Articles,None
Parth Joshi,23,Male,General,parth.joshi80@mail.com,9123456722,Gujarat,Rajkot,360004,City Public School,86,Saurashtra Univ.,87,Banaras Hindu University,87,9.16,BTech,2024,Robotics,Engineering,Survey analysis,Programming,1.5,Rajkot,Biotechnology research project,Math Olympiad,Research papers,None
Ayesha Khan,22,Female,OBC,ayesha.khan81@mail.com,9765434566,Uttar Pradesh,Agra,282004,Modern Academy,88,Agra University,87,Calcutta University,84,8.84,BA Sociology,2022,Social Work,Sociology,Short story collection,"SEO, Social Media",1.7,Agra,Robotics design project,Essay writing,Published works,None
Vivek Chaturvedi,24,Male,SC,vivek.chaturvedi82@mail.com,9345066677,Madhya Pradesh,Ujjain,456004,Delhi Public School,87,Vikram University,90,Rajasthan University,82,8.63,BSc Physics,2023,Data Science,Physics,Chemical analysis,Research,0.8,Ujjain,Financial analysis project,Science Quiz,Research papers,None
Shruti Menon,23,Female,General,shruti.menon83@mail.com,9876555777,Kerala,Alappuzha,688004,Bright Future School,85,Kerala University,90,Mumbai University,80,8.42,BCom,2023,Marketing,Commerce,Women’s survey,"Coding, Debugging",2.4,Alappuzha,Chemistry research project,Essay comp.,Articles,None
Adarsh Bhat,22,Male,General,adarsh.bhat84@mail.com,9123098555,Karnataka,Hubballi,580004,National High School,88,Karnataka Univ.,85,Punjab University,98,10.32,BA History,2024,Archiving,History,Budget tracker,Accounting,1.2,Hubballi,Literary research project,Business Quiz,None,None
Nandini Roy,21,Female,General,nandini.roy85@mail.com,9765434888,West Bengal,Asansol,713304,Modern Academy,84,Burdwan University,91,Osmania University,93,9.79,BTech,2022,"Java, Python",Computer Sci,Poetry collection,Lab skills,1.9,Asansol,Cloud computing project,Essay writing,Published works,None
Rahul Deshmukh,23,Male,OBC,rahul.deshmukh86@mail.com,9876011122,Maharashtra,Pune,411005,Bright Future School,88,Savitribai Phule Univ.,87,Patna University,94,9.89,BCom,2023,Accounting,Commerce,Data visualization tool,"CAD, Design",1,Pune,Marketing campaign project,Coding contest,Research paper,None
Priya Mehta,22,Female,General,priya.mehta87@mail.com,9345033344,Gujarat,Surat,395004,Delhi Public School,82,SVNIT Surat,90,Kerala University,97,10.21,BSc Biology,2023,Biotechnology,Biology,ML chatbot,"English, Marathi",2.2,Surat,Financial project,Hackathon,Research paper,None
Abhinav Tiwari,24,Male,General,abhinav.tiwari88@mail.com,9765044455,Uttar Pradesh,Kanpur,208004,City Public School,90,IIT Kanpur,89,Pune University,95,10.00,BTech,2024,AutoCAD,Mechanical Eng,Cloud migration project,"SEO, Social Media",0.9,Kanpur,Robotics design project,Tech fest,Articles,Patent filed
Kavya Reddy,21,Female,OBC,kavya.reddy89@mail.com,9876155566,Telangana,Warangal,506004,Bright Future School,75,Kakatiya Univ.,87,Lucknow University,91,9.58,BA English,2022,Creative Writing,Literature,E-learning website,Research,2,Warangal,Social research project,Coding challenge,None,None
Arjun Malhotra,23,Male,General,arjun.malhotra90@mail.com,9123456677,Delhi,New Delhi,110006,Delhi Public School,89,DU (SRCC),89,Gujarat University,92,9.68,BCom,2023,Digital Marketing,Marketing,Financial dashboard,"Programming, ML",1.1,Delhi,Data analysis project,Business Quiz,Articles,None
Sneha Banerjee,22,Female,General,sneha.banerjee91@mail.com,9765439988,West Bengal,Siliguri,734004,National High School,85,North Bengal Univ.,86,Haryana University,86,9.05,BA Sociology,2023,Social Work,Sociology,Short story anthology,Accounting,2.4,Siliguri,Marketing strategy project,Tech fest,Research paper,None
Rajeev Malhotra,23,Male,General,rajeev.malhotra86@mail.com,9876011223,Delhi,New Delhi,110002,Modern Academy,78,Delhi University,87,Bangalore University,81,8.53,BTech,2024,Digital Marketing,Literature,GST accounting project,"Writing, Editing",0.8,Delhi,Software development project,Case study comp.,None,None
Meera Raghavan,22,Female,General,meera.raghavan87@mail.com,9345061234,Tamil Nadu,Coimbatore,641004,National High School,90,PSG Tech,91,Pune University,83,8.74,BSc Computer Sci,2022,"Python, Data Science",AI,Cloud storage system,"CAD, Design",1.5,Coimbatore,Finance management project,Coding hackathon,Research papers,Patent filed
Abhinav Sharma,24,Male,OBC,abhinav.sharma88@mail.com,9765012333,Rajasthan,Jaipur,302004,Bright Future School,88,MNIT Jaipur,85,Lucknow University,94,9.89,BCom,2023,"Excel, Tally",Finance,Secure banking system,Lab skills,2,Jaipur,Biotechnology research project,Tech fest,Research paper,None
Kavya Deshmukh,21,Female,SC,kavya.deshmukh89@mail.com,9876444555,Maharashtra,Pune,411005,City Public School,84,SPPU Pune,92,Patna University,92,9.68,BA English,2023,Creative Writing,Literature,Social media campaign,"SEO, Social Media",2.3,Pune,Mechanical design project,Debate comp.,Articles,None
Mohit Verma,23,Male,General,mohit.verma90@mail.com,9123456789,Haryana,Gurgaon,122004,Modern Academy,92,MDU Rohtak,80,Rajasthan University,94,9.89,BTech,2024,AutoCAD,Mechanical Eng,Ad campaign project,"Coding, Debugging",1.5,Gurgaon,Literary research project,Business Quiz,None,None
Sneha Pillai,22,Female,General,sneha.pillai91@mail.com,9765435678,Kerala,Kollam,691004,Delhi Public School,87,Kerala University,87,Punjab University,97,10.21,BSc Biology,2024,Biotechnology,Genetics,Diet survey,Research,2,Kollam,Marketing campaign project,Science fair,Research papers,None
Harish Patel,24,Male,OBC,harish.patel92@mail.com,9345022444,Gujarat,Surat,395004,Bright Future School,85,SVNIT Surat,88,Gujarat University,86,9.05,BCom,2023,Digital Marketing,Marketing,Smart home prototype,Financial Analysis,0.8,Surat,Social work research,Hackathon,Research papers,Patent filed
Priya Banerjee,21,Female,General,priya.banerjee93@mail.com,9876543344,West Bengal,Siliguri,734004,City Public School,90,North Bengal Univ.,90,Osmania University,81,8.53,BTech,2024,"Java, Python",Computer Sci,Student wellbeing study,"Cloud, Networking",1,Siliguri,Literary research project,Essay comp.,Articles,None
Arjun Nair,23,Male,General,arjun.nair94@mail.com,9123067890,Kerala,Thrissur,680004,Modern Academy,88,NIT Calicut,82,Bhopal University,93,9.79,BA History,2023,Archiving,History,Machine learning model,Research,0.5,Thrissur,Cloud migration project,Coding contest,Research papers,None
Deepika Yadav,22,Female,OBC,deepika.yadav95@mail.com,9765444111,Uttar Pradesh,Kanpur,208004,Delhi Public School,85,IIT Kanpur,91,Mumbai University,94,9.89,BCom,2023,"Finance, Excel",Commerce,AI chatbot,Lab skills,1.2,Kanpur,Social media campaign,Robotics comp.,Research papers,Patent filed
Karan Bansal,23,Male,General,karan.bansal96@mail.com,9876009988,Punjab,Ludhiana,141004,Modern Academy,88,Punjab Agricultural U,89,Delhi University,96,10.11,BTech,2024,Cloud Computing,IT,Smart irrigation system,Marketing,2.3,Ludhiana,History documentation project,Agri fair,Research papers,Patent filed
Ritu Desai,22,Female,General,ritu.desai97@mail.com,9345065555,Maharashtra,Thane,400604,City Public School,89,Mumbai University,86,Haryana University,94,9.89,BA Sociology,2023,Social work,Sociology,Tax filing project,Robotics,1.7,Thane,Finance management project,Business Quiz,Articles,None
Aditya Prasad,24,Male,OBC,aditya.prasad98@mail.com,9765021222,Bihar,Patna,800004,National High School,88,Patna University,90,Kerala University,91,9.58,BSc Physics,2024,Data Analysis,Physics,Local governance study,Lab skills,2.5,Patna,Biotechnology research project,Debate comp.,Articles,None
Snehal Shukla,21,Female,General,snehal.shukla99@mail.com,9876111999,Uttar Pradesh,Varanasi,221004,Delhi Public School,84,BHU Varanasi,89,Calcutta University,83,8.74,BCom,2023,Marketing,Commerce,Sanskrit manuscripts,SEO,0.7,Varanasi,Robotics design project,Essay comp.,Published works,None
Sandeep Reddy,23,Male,OBC,sandeep.reddy100@mail.com,9123456677,Telangana,Warangal,506004,Modern Academy,90,NIT Warangal,87,Rajasthan University,86,9.05,BTech,2024,Robotics,Engineering,IoT traffic system,"Writing, Editing",2,Warangal,Financial analysis project,Robotics comp.,Research papers,Patent filed
Anjali Mehta,22,Female,General,anjali.mehta101@mail.com,9765432121,Gujarat,Vadodara,390004,Bright Future School,87,MSU Baroda,92,Gujarat University,94,9.89,BSc Chemistry,2024,Analytical Chemistry,Chemistry,Retail data analysis,"Coding, Debugging",1.1,Vadodara,Cloud migration project,Math Olympiad,Research papers,None
Rohit Chandel,24,Male,SC,rohit.chandel102@mail.com,9345090000,Himachal Pradesh,Shimla,171004,National High School,85,Himachal Univ.,86,Bangalore University,86,9.05,BCom,2024,Digital Marketing,Marketing,Eco-tourism project,Lab skills,2.8,Shimla,Social media campaign,Quiz comp.,Articles,None
Divya Kulkarni,23,Female,General,divya.kulkarni103@mail.com,9876555000,Karnataka,Mysuru,570004,Delhi Public School,89,Mysore University,88,Kerala University,81,8.53,BA English,2023,Creative Writing,Literature,Women empowerment survey,Cloud Computing,0.6,Mysuru,Physics experiment project,Essay comp.,Articles,None
Manish Gupta,22,Male,General,manish.gupta104@mail.com,9123012345,Uttar Pradesh,Ghaziabad,201004,City Public School,90,AKTU Lucknow,89,Punjab University,87,9.16,BTech,2023,"Python, Java",Computer Sci,Secure cloud platform,"SEO, Social Media",1.9,Ghaziabad,History documentation project,Hackathon,Research papers,None
Pooja Nambiar,21,Female,OBC,pooja.nambiar105@mail.com,9765444333,Kerala,Kozhikode,673004,Bright Future School,86,NIT Calicut,90,Banaras Hindu Univ,90,9.47,BSc Biology,2022,Biotechnology,Biology,AI-based tutor,Programming,0.9,Kozhikode,Finance management project,Coding contest,Research papers,None
Arvind Krishnan,23,Male,General,arvind.krishnan106@mail.com,9876001122,Tamil Nadu,Madurai,625004,Modern Academy,85,Thiagarajar College,91,Delhi University,93,9.79,BTech,2024,AWS Certified,Computer Sci,Predictive analytics tool,Research,2.5,Madurai,Robotics design project,Hackathon,Research papers,None
Shalini Bhatt,22,Female,General,shalini.bhatt107@mail.com,9345067878,Uttarakhand,Dehradun,248004,City Public School,88,Doon University,89,Mumbai University,96,10.11,BCom,2023,Digital Marketing,Marketing,River pollution survey,Accounting,1,Dehradun,Financial analysis project,Essay comp.,Articles,None
Vikram Chauhan,24,Male,OBC,vikram.chauhan108@mail.com,9765026666,Haryana,Panipat,132104,National High School,84,NIT Kurukshetra,86,Kanpur University,91,9.58,BSc Physics,2024,"Python, Data Science",Physics,Secure IoT devices,Lab Skills,0.7,Panipat,Chemistry research project,Tech fest,Research papers,Patent filed
Neha Ramesh,21,Female,SC,neha.ramesh109@mail.com,9876444888,Karnataka,Belagavi,590004,Delhi Public School,90,Rani Channamma Univ.,92,Rajasthan University,90,9.47,BA History,2022,Creative Writing,History,Child education project,Robotics,1.2,Belagavi,Literary research project,Essay comp.,Articles,None
Saurabh Tripathi,23,Male,General,saurabh.tripathi110@mail.com,9123459999,Uttar Pradesh,Prayagraj,211004,Bright Future School,86,Allahabad University,88,Patna University,86,9.05,BCom,2024,Accounting,Commerce,Loan analysis project,Financial Analysis,2.3,Prayagraj,Cloud computing project,Business Quiz,Articles,None
Anitha Nair,22,Female,General,anitha.nair111@mail.com,9765432000,Kerala,Kottayam,686004,City Public School,85,Kerala University,87,Punjab University,86,9.05,BSc Biology,2023,Biotechnology,Biology,Nutrition awareness drive,Lab Skills,1.6,Kottayam,Chemical analysis project,Science fair,Research papers,None
Gaurav Mittal,24,Male,OBC,gaurav.mittal112@mail.com,9345033333,Rajasthan,Kota,324004,Modern Academy,88,Kota University,90,Gujarat University,97,10.21,BTech,2024,Robotics,Engineering,Youth policy study,"Writing, Editing",0.8,Kota,Marketing campaign project,Debate comp.,Articles,None
Radhika Sharma,23,Female,General,radhika.sharma113@mail.com,9876555111,Delhi,New Delhi,110006,National High School,89,Delhi University,91,Pune University,83,8.74,BCom,2024,"Finance, Excel",Commerce,Women’s rights campaign,Programming,1.4,Delhi,Financial project,Debate comp.,Published works,None
Nikhil Kulkarni,22,Male,General,nikhil.kulkarni114@mail.com,9123044444,Maharashtra,Nagpur,440004,Bright Future School,84,VNIT Nagpur,88,Bangalore University,87,9.16,BSc Chemistry,2023,Analytical Chemistry,Chemistry,Smart agriculture system,Lab skills,2,Nagpur,Robotics design project,Hackathon,Research papers,Patent filed
Tanya Bose,21,Female,General,tanya.bose115@mail.com,9765444222,West Bengal,Durgapur,713204,City Public School,90,Burdwan University,88,Banaras Hindu Univ,82,8.63,BA English,2024,Creative Writing,Literature,Student counselling survey,Marketing,1.5,Durgapur,Social research project,Business Quiz,Articles,None
Rohini Iyer,22,Female,General,rohini.iyer116@mail.com,9876003344,Maharashtra,Mumbai,400005,Modern Academy,88,Mumbai University,87,Agra University,80,8.42,BTech,2022,"Python, AWS",IT,Short film project,Financial analysis,2,Mumbai,Marketing strategy project,Science Quiz,Published works,None
Arvind Kumar,23,Male,OBC,arvind.kumar117@mail.com,9345065656,Bihar,Gaya,823004,National High School,87,Magadh University,89,Indore University,90,9.47,BSc Chemistry,2023,Analytical Chemistry,Chemistry,Rural development survey,Robotics,2.3,Gaya,Historical documentation,Essay writing,Articles,None
Shreya Menon,21,Female,General,shreya.menon118@mail.com,9765024545,Kerala,Ernakulam,682004,Delhi Public School,85,CUSAT Ernakulam,85,Bihar University,94,9.89,BCom,2023,Digital Marketing,Commerce,Data visualization project,Research,0.6,Ernakulam,Software development project,Business Quiz,Research papers,None
Harpal Singh,24,Male,SC,harpal.singh119@mail.com,9876444666,Punjab,Amritsar,143004,Bright Future School,88,GNDU Amritsar,91,Gujarat University,91,9.58,BCom,2024,"Finance, Excel",Commerce,Solar energy project,Programming,1.1,Amritsar,Finance management project,Hackathon,Research papers,None
Kavitha Reddy,22,Female,General,kavitha.reddy120@mail.com,9123457878,Telangana,Hyderabad,500085,Modern Academy,84,Osmania University,87,Banaras Hindu University,94,9.89,BTech,2022,Robotics,Engineering,Women empowerment project,"SEO, Social Media",1.7,Hyderabad,Biotechnology research project,Science Quiz,Articles,None
Mohan Joshi,23,Male,General,mohan.joshi121@mail.com,9765433000,Uttarakhand,Haridwar,249404,City Public School,86,HNB Garhwal Univ.,87,Calcutta University,91,9.58,BA Sociology,2023,Social Work,Sociology,Loan tracking project,Research,2.5,Haridwar,Mechanical design project,Robotics comp.,None,None
Poonam Chatterjee,21,Female,General,poonam.chatterjee122@mail.com,9876555444,West Bengal,Kolkata,700005,National High School,88,Jadavpur University,90,Rajasthan University,85,8.95,BSc Physics,2023,Data Science,Physics,Campus magazine,"Coding, Debugging",0.9,Kolkata,Literary research project,Essay writing,Articles,None
Abhishek Rana,24,Male,OBC,abhishek.rana123@mail.com,9345088888,Himachal Pradesh,Solan,173204,Modern Academy,82,Himachal Univ.,90,Mumbai University,87,9.16,BCom,2024,Marketing,Commerce,Chemical synthesis project,Accounting,1.4,Solan,Marketing campaign project,,Research papers,None
Nisha Kapoor,22,Female,General,nisha.kapoor124@mail.com,9765444555,Delhi,New Delhi,110009,Bright Future School,90,Lady Shri Ram College,85,Pune University,91,9.58,BA History,2022,Archiving,History,Student mental health drive,Lab skills,2.1,Delhi,Social work research,Hackathon,Articles,None
Varun Nambiar,23,Male,General,varun.nambiar125@mail.com,9123033333,Kerala,Palakkad,678004,Delhi Public School,75,NIT Calicut,91,Lucknow University,97,10.21,BTech,2023,"Java, Python",Computer Sci,AI energy optimizer,"CAD, Design",2.3,Palakkad,Literary research project,Business Quiz,Research papers,Patent filed
Aditi Sharma,22,Female,General,aditi.sharma126@mail.com,9876011122,Uttar Pradesh,Varanasi,221002,City Public School,85,BHU Varanasi,87,Patna University,89,9.37,BCom,2023,Accounting,Commerce,Organic compounds project,"English, Marathi",1.1,Varanasi,Social media campaign,Essay writing,Research papers,None
Rakesh Verma,24,Male,OBC,rakesh.verma127@mail.com,9765009988,Madhya Pradesh,Bhopal,462004,Bright Future School,91,Barkatullah Univ.,90,Rajasthan University,85,8.95,BSc Biology,2024,Biotechnology,Biology,GST analysis project,"SEO, Social Media",1.9,Bhopal,Physics experiment project,Robotics comp.,Articles,None
Sneha Pillai,21,Female,General,sneha.pillai128@mail.com,9123066677,Kerala,Trivandrum,695004,National High School,78,Kerala Univ.,89,Punjab University,89,9.37,BTech,2022,AutoCAD,Mechanical Eng,Literary blog,Research,1.4,Trivandrum,History documentation project,Science Quiz,Published works,None
Harshit Tiwari,23,Male,General,harshit.tiwari129@mail.com,9345094455,Rajasthan,Kota,324005,Modern Academy,90,Kota Univ.,87,Gujarat University,84,8.84,BA English,2023,Creative Writing,Literature,Automated machine project,"Programming, ML",2.5,Kota,Finance management project,Business Quiz,Research papers,None
Nandita Ghosh,22,Female,General,nandita.ghosh130@mail.com,9765993322,West Bengal,Howrah,711102,Delhi Public School,88,Presidency Univ.,89,Osmania University,95,10.00,BCom,2023,Digital Marketing,Marketing,Women’s livelihood project,Accounting,0.8,Howrah,Biotechnology research project,Hackathon,Articles,None
Amit Chauhan,23,Male,OBC,amit.chauhan131@mail.com,9876077555,Haryana,Gurugram,122004,City Public School,84,MDU Rohtak,86,Bhopal University,94,9.89,BA Sociology,2024,Social Work,Sociology,Startup strategy project,"Writing, Editing",1,Gurugram,Robotics design project,Essay writing,Articles,None
Jyoti Kumari,21,Female,SC,jyoti.kumari132@mail.com,9765884444,Bihar,Patna,800004,Bright Future School,92,Patna Univ.,87,Mumbai University,93,9.79,BTech,2024,Digital Marketing,Literature,Wildlife conservation study,"CAD, Design",1.6,Patna,Financial analysis project,Science Quiz,Research papers,None
Pranav Deshmukh,22,Male,General,pranav.deshmukh133@mail.com,9123444555,Maharashtra,Pune,411007,Delhi Public School,87,Fergusson College,89,Delhi University,87,9.16,BTech,2023,Creative Writing,Mechanical Eng,Predictive modelling project,Lab skills,2.2,Pune,Cloud migration project,Robotics comp.,Research papers,None
Ritu Jain,23,Female,General,ritu.jain134@mail.com,9345077333,Delhi,New Delhi,110017,National High School,85,DU (Miranda House),97,Haryana University,84,8.84,BSc,2024,Digital Marketing,Literature,Slum education initiative,"SEO, Social Media",1.3,Delhi,Social media campaign,Business Quiz,Articles,None
Sandeep Kumar,24,Male,OBC,sandeep.kumar135@mail.com,9876555111,Jharkhand,Ranchi,834004,Bright Future School,90,Ranchi Univ.,86,Kerala University,82,8.63,B.Pharm,2023,Social Work,Marketing,Water conservation project,"Coding, Debugging",1.8,Ranchi,Physics experiment project,Science Quiz,Research papers,None
